[
	{
		"name":"Pushpanjali",
		"email":"pushpanjalimahadasyam@gmail.com",		
		"courseCount":4
	},
	{
		"name":"Mark",
		"email":"mark@gmail.com",		
		"courseCount":2
	},
	{
		"name":"Bravo",
		"email":"bravo@gmail.com",		
		"courseCount":5
	},
	{
		"name":"Gorge",
		"email":"george@gmail.com",		
		"courseCount":7
	},
	{
		"name":"Anu",
		"email":"anu@gmail.com",		
		"courseCount":4
	},
	{
		"name":"Anusha",
		"email":"anusha@gmail.com",		
		"courseCount":1
	},
	{
		"name":"Prasanna",
		"email":"prasanna@gmail.com",		
		"courseCount":5
	},
	{
		"name":"Bush",
		"email":"bush@gmail.com",		
		"courseCount":6
	},
	{
		"name":"Bharath",
		"email":"bharath@gmail.com",		
		"courseCount":6
	},
	{
		"name":"Hitansh",
		"email":"hitansh@gmail.com",		
		"courseCount":9
	},
	{
		"name":"Karnati",
		"email":"karnati@gmail.com",		
		"courseCount":10
	},
	{
		"name":"Smith",
		"email":"smith@gmail.com",		
		"courseCount":8
	}
]